productId;customerId;saleDate;saleAmount;storeLocation;country
54;37;2023-06-07;952.34;Setubal;Portugal
77;45;2023-10-15;124.89;Luanda;Angola
88;89;2023-01-22;299.99;Lagos;Nigeria
30;78;2023-03-14;543.21;New Castle;England
2;3;2024-05-21;875.34;Nanjing;China
11;56;2023-11-04;432.1;Sochi;Russia
25;34;2024-01-19;764.32;Lviv;Ukraine
66;79;2023-02-11;199.95;Nairobi;Kenya
34;56;2024-05-21;875.34;Yanam;India
1;1;2024-05-21;875.34;Porto;Portugal
2;3;2024-05-21;875.34;Sao Paulo;Brazil
12;78;2024-02-14;489.22;Bahia;Brazil
23;12;2023-04-21;348.67;Quebec;Canada
77;45;2023-10-15;124.89;Luanda;Angola
15;67;2023-09-11;678.45;Lisbon;Portugal
88;89;2023-01-22;299.99;Lagos;Nigeria
30;78;2023-03-14;543.21;New Castle;England
11;56;2023-11-04;432.1;Sochi;Russia
25;34;2024-01-19;764.32;Lviv;Ukraine
66;79;2023-02-11;199.95;Nairobi;Kenya
1;1;2024-05-21;875.34;Porto;Portugal
2;3;2024-05-21;875.34;Sao Paulo;Brazil
12;78;2024-02-14;489.22;Bahia;Brazil
15;67;2023-09-11;678.45;Lisbon;Portugal
88;89;2023-01-22;299.99;Nice;France
30;78;2023-03-14;543.21;New Castle;England
77;45;2023-10-15;124.89;Luanda;Angola
15;67;2023-09-11;678.45;Lisbon;Portugal
88;89;2023-01-22;299.99;Lagos;Nigeria
30;78;2023-03-14;543.21;New Castle;England
11;56;2023-11-04;432.1;Sochi;Russia
25;34;2024-01-19;764.32;Lviv;Ukraine
66;79;2023-02-11;199.95;Nairobi;Kenya
1;1;2024-05-21;875.34;Porto;Portugal
2;3;2024-05-21;875.34;Sao Paulo;Brazil
12;78;2024-02-14;489.22;Bahia;Brazil
77;45;2023-10-15;124.89;Luanda;Angola
15;67;2023-09-11;678.45;Lisbon;Portugal
88;89;2023-01-22;299.99;Lagos;Nigeria
30;78;2023-03-14;543.21;New Castle;England
11;56;2023-11-04;432.1;Sochi;Russia
25;34;2024-01-19;764.32;Lviv;Ukraine
66;79;2023-02-11;199.95;Nairobi;Kenya
1;1;2024-05-21;875.34;Porto;Portugal
2;3;2024-05-21;875.34;Sao Paulo;Brazil
12;78;2024-02-14;489.22;Bahia;Brazil
34;56;2024-05-21;875.34;Yanam;India
15;67;2023-09-11;678.45;Lisbon;Portugal
88;89;2023-01-22;299.99;Lagos;Nigeria
30;78;2023-03-14;543.21;New Castle;England
77;45;2023-10-15;124.89;Luanda;Angola
15;67;2023-09-11;678.45;Lisbon;Portugal
88;89;2023-01-22;299.99;Lagos;Nigeria
30;78;2023-03-14;543.21;New Castle;England
11;56;2023-11-04;432.1;Sochi;Russia
25;34;2024-01-19;764.32;Lviv;Ukraine
66;79;2023-02-11;199.95;Nairobi;Kenya
1;1;2024-05-21;875.34;Porto;Portugal
2;3;2024-05-21;875.34;Sao Paulo;Brazil
12;78;2024-02-14;489.22;Bahia;Brazil
77;45;2023-10-15;124.89;Luanda;Angola
15;67;2023-09-11;678.45;Lisbon;Portugal
88;89;2023-01-22;299.99;Lagos;Nigeria
30;78;2023-03-14;543.21;New Castle;England
11;56;2023-11-04;432.1;Sochi;Russia
25;34;2024-01-19;764.32;Lviv;Ukraine
66;79;2023-02-11;199.95;Nairobi;Kenya
1;1;2024-05-21;875.34;Porto;Portugal
2;3;2024-05-21;875.34;Sao Paulo;Brazil
12;78;2024-02-14;489.22;Bahia;Brazil
15;67;2023-09-11;678.45;Lisbon;Portugal
88;89;2023-01-22;299.99;Lagos;Nigeria
30;78;2023-03-14;543.21;New Castle;England
77;45;2023-10-15;124.89;Luanda;Angola
15;67;2023-09-11;678.45;Lisbon;Portugal
88;89;2023-01-22;299.99;Lagos;Nigeria
30;78;2023-03-14;543.21;New Castle;England
11;56;2023-11-04;432.1;Sochi;Russia
25;34;2024-01-19;764.32;Lviv;Ukraine
66;79;2023-02-11;199.95;Nairobi;Kenya
1;1;2024-05-21;875.34;Porto;Portugal
2;3;2024-05-21;875.34;Sao Paulo;Brazil
12;78;2024-02-14;489.22;Bahia;Brazil
77;45;2023-10-15;124.89;Luanda;Angola
15;67;2023-09-11;678.45;Lisbon;Portugal
88;89;2023-01-22;299.99;Lagos;Nigeria
30;78;2023-03-14;543.21;New Castle;England
11;56;2023-11-04;432.1;Sochi;Russia
25;34;2024-01-19;764.32;Lviv;Ukraine
66;79;2023-02-11;199.95;Nairobi;Kenya
1;1;2024-05-21;875.34;Porto;Portugal
2;3;2024-05-21;875.34;Sao Paulo;Brazil
12;78;2024-02-14;489.22;Bahia;Brazil
15;67;2023-09-11;678.45;Lisbon;Portugal
88;89;2023-01-22;299.99;Lagos;Nigeria
30;78;2023-03-14;543.21;New Castle;England
77;45;2023-10-15;124.89;Luanda;Angola
15;67;2023-09-11;678.45;Lisbon;Portugal
88;89;2023-01-22;299.99;Lagos;Nigeria
30;78;2023-03-14;543.21;New Castle;England
11;56;2023-11-04;432.1;Sochi;Russia
25;34;2024-01-19;764.32;Lviv;Ukraine
66;79;2023-02-11;199.95;Nairobi;Kenya
1;1;2024-05-21;875.34;Porto;Portugal
2;3;2024-05-21;875.34;Sao Paulo;Brazil
12;78;2024-02-14;489.22;Bahia;Brazil
77;45;2023-10-15;124.89;Luanda;Angola
15;67;2023-09-11;678.45;Lisbon;Portugal
88;89;2023-01-22;299.99;Lagos;Nigeria
30;78;2023-03-14;543.21;New Castle;England
11;56;2023-11-04;432.1;Sochi;Russia
25;34;2024-01-19;764.32;Lviv;Ukraine
66;79;2023-02-11;199.95;Nairobi;Kenya
1;1;2024-05-21;875.34;Porto;Portugal
2;3;2024-05-21;875.34;Sao Paulo;Brazil
12;78;2024-02-14;489.22;Bahia;Brazil
15;67;2023-09-11;678.45;Lisbon;Portugal
88;89;2023-01-22;299.99;Lagos;Nigeria
30;78;2023-03-14;543.21;New Castle;England
77;45;2023-10-15;124.89;Luanda;Angola
15;67;2023-09-11;678.45;Lisbon;Portugal
88;89;2023-01-22;299.99;Lagos;Nigeria
30;78;2023-03-14;543.21;New Castle;England
11;56;2023-11-04;432.1;Sochi;Russia
25;34;2024-01-19;764.32;Lviv;Ukraine
66;79;2023-02-11;199.95;Nairobi;Kenya
1;1;2024-05-21;875.34;Porto;Portugal
2;3;2024-05-21;875.34;Sao Paulo;Brazil
12;78;2024-02-14;489.22;Bahia;Brazil
77;45;2023-10-15;124.89;Luanda;Angola
15;67;2023-09-11;678.45;Lisbon;Portugal
88;89;2023-01-22;299.99;Lagos;Nigeria
30;78;2023-03-14;543.21;New Castle;England
11;56;2023-11-04;432.1;Sochi;Russia
25;34;2024-01-19;764.32;Lviv;Ukraine
66;79;2023-02-11;199.95;Nairobi;Kenya
1;1;2024-05-21;875.34;Porto;Portugal
2;3;2024-05-21;875.34;Sao Paulo;Brazil
12;78;2024-02-14;489.22;Bahia;Brazil
15;67;2023-09-11;678.45;Lisbon;Portugal
88;89;2023-01-22;299.99;Lagos;Nigeria
30;78;2023-03-14;543.21;New Castle;England
77;45;2023-10-15;124.89;Luanda;Angola
15;67;2023-09-11;678.45;Lisbon;Portugal
88;89;2023-01-22;299.99;Lagos;Nigeria
30;78;2023-03-14;543.21;New Castle;England
11;56;2023-11-04;432.1;Sochi;Russia
25;34;2024-01-19;764.32;Lviv;Ukraine
66;79;2023-02-11;199.95;Nairobi;Kenya
1;1;2024-05-21;875.34;Porto;Portugal
2;3;2024-05-21;875.34;Sao Paulo;Brazil
12;78;2024-02-14;489.22;Bahia;Brazil
77;45;2023-10-15;124.89;Luanda;Angola
15;67;2023-09-11;678.45;Lisbon;Portugal
88;89;2023-01-22;299.99;Lagos;Nigeria
30;78;2023-03-14;543.21;New Castle;England
11;56;2023-11-04;432.1;Sochi;Russia
25;34;2024-01-19;764.32;Lviv;Ukraine
66;79;2023-02-11;199.95;Nairobi;Kenya
1;1;2024-05-21;875.34;Porto;Portugal
2;3;2024-05-21;875.34;Sao Paulo;Brazil
12;78;2024-02-14;489.22;Bahia;Brazil
15;67;2023-09-11;678.45;Lisbon;Portugal
88;89;2023-01-22;299.99;Lagos;Nigeria
30;78;2023-03-14;543.21;New Castle;England
77;45;2023-10-15;124.89;Luanda;Angola
15;67;2023-09-11;678.45;Lisbon;Portugal
88;89;2023-01-22;299.99;Lagos;Nigeria
30;78;2023-03-14;543.21;New Castle;England
11;56;2023-11-04;432.1;Sochi;Russia
25;34;2024-01-19;764.32;Lviv;Ukraine
66;79;2023-02-11;199.95;Nairobi;Kenya
1;1;2024-05-21;875.34;Porto;Portugal
2;3;2024-05-21;875.34;Sao Paulo;Brazil
12;78;2024-02-14;489.22;Bahia;Brazil
77;45;2023-10-15;124.89;Luanda;Angola
15;67;2023-09-11;678.45;Lisbon;Portugal
88;89;2023-01-22;299.99;Lagos;Nigeria
30;78;2023-03-14;543.21;New Castle;England
11;56;2023-11-04;432.1;Sochi;Russia
25;34;2024-01-19;764.32;Lviv;Ukraine
66;79;2023-02-11;199.95;Nairobi;Kenya
1;1;2024-05-21;875.34;Porto;Portugal
2;3;2024-05-21;875.34;Sao Paulo;Brazil
12;78;2024-02-14;489.22;Bahia;Brazil
15;67;2023-09-11;678.45;Lisbon;Portugal
88;89;2023-01-22;299.99;Lagos;Nigeria
30;78;2023-03-14;543.21;New Castle;England
77;45;2023-10-15;124.89;Luanda;Angola
15;67;2023-09-11;678.45;Lisbon;Portugal
88;89;2023-01-22;299.99;Lagos;Nigeria
30;78;2023-03-14;543.21;New Castle;England
11;56;2023-11-04;432.1;Sochi;Russia
25;34;2024-01-19;764.32;Lviv;Ukraine
66;79;2023-02-11;199.95;Nairobi;Kenya
1;1;2024-05-21;875.34;Porto;Portugal
2;3;2024-05-21;875.34;Sao Paulo;Brazil
12;78;2024-02-14;489.22;Bahia;Brazil
77;45;2023-10-15;124.89;Luanda;Angola
15;67;2023-09-11;678.45;Lisbon;Portugal
88;89;2023-01-22;299.99;Lagos;Nigeria
30;78;2023-03-14;543.21;New Castle;England
11;56;2023-11-04;432.1;Sochi;Russia
25;34;2024-01-19;764.32;Lviv;Ukraine
66;79;2023-02-11;199.95;Nairobi;Kenya
1;1;2024-05-21;875.34;Porto;Portugal
2;3;2024-05-21;875.34;Sao Paulo;Brazil
12;78;2024-02-14;489.22;Bahia;Brazil
15;67;2023-09-11;678.45;Lisbon;Portugal
88;89;2023-01-22;299.99;Lagos;Nigeria
30;78;2023-03-14;543.21;New Castle;England
77;45;2023-10-15;124.89;Luanda;Angola
15;67;2023-09-11;678.45;Lisbon;Portugal
88;89;2023-01-22;299.99;Lagos;Nigeria
30;78;2023-03-14;543.21;New Castle;England
11;56;2023-11-04;432.1;Sochi;Russia
25;34;2024-01-19;764.32;Lviv;Ukraine
66;79;2023-02-11;199.95;Nairobi;Kenya
1;1;2024-05-21;875.34;Porto;Portugal
2;3;2024-05-21;875.34;Sao Paulo;Brazil
12;78;2024-02-14;489.22;Bahia;Brazil
77;45;2023-10-15;124.89;Luanda;Angola
15;67;2023-09-11;678.45;Lisbon;Portugal
88;89;2023-01-22;299.99;Lagos;Nigeria
30;78;2023-03-14;543.21;New Castle;England
11;56;2023-11-04;432.1;Sochi;Russia
25;34;2024-01-19;764.32;Lviv;Ukraine
66;79;2023-02-11;199.95;Nairobi;Kenya
1;1;2024-05-21;875.34;Porto;Portugal
2;3;2024-05-21;875.34;Sao Paulo;Brazil
12;78;2024-02-14;489.22;Bahia;Brazil
15;67;2023-09-11;678.45;Lisbon;Portugal
88;89;2023-01-22;299.99;Lagos;Nigeria
30;78;2023-03-14;543.21;New Castle;England
77;45;2023-10-15;124.89;Luanda;Angola
15;67;2023-09-11;678.45;Lisbon;Portugal
88;89;2023-01-22;299.99;Lagos;Nigeria
30;78;2023-03-14;543.21;New Castle;England
11;56;2023-11-04;432.1;Sochi;Russia
25;34;2024-01-19;764.32;Lviv;Ukraine
66;79;2023-02-11;199.95;Nairobi;Kenya
1;1;2024-05-21;875.34;Porto;Portugal
2;3;2024-05-21;875.34;Sao Paulo;Brazil
12;78;2024-02-14;489.22;Bahia;Brazil
77;45;2023-10-15;124.89;Luanda;Angola
15;67;2023-09-11;678.45;Lisbon;Portugal
88;89;2023-01-22;299.99;Lagos;Nigeria
30;78;2023-03-14;543.21;New Castle;England
11;56;2023-11-04;432.1;Sochi;Russia
25;34;2024-01-19;764.32;Lviv;Ukraine
66;79;2023-02-11;199.95;Nairobi;Kenya
1;1;2024-05-21;875.34;Porto;Portugal
2;3;2024-05-21;875.34;Sao Paulo;Brazil
12;78;2024-02-14;489.22;Bahia;Brazil
15;67;2023-09-11;678.45;Lisbon;Portugal
88;89;2023-01-22;299.99;Lagos;Nigeria
30;78;2023-03-14;543.21;New Castle;England
77;45;2023-10-15;124.89;Luanda;Angola
15;67;2023-09-11;678.45;Lisbon;Portugal
88;89;2023-01-22;299.99;Lagos;Nigeria
30;78;2023-03-14;543.21;New Castle;England
11;56;2023-11-04;432.1;Sochi;Russia
25;34;2024-01-19;764.32;Lviv;Ukraine
66;79;2023-02-11;199.95;Nairobi;Kenya
1;1;2024-05-21;875.34;Porto;Portugal
2;3;2024-05-21;875.34;Sao Paulo;Brazil
12;78;2024-02-14;489.22;Bahia;Brazil
77;45;2023-10-15;124.89;Luanda;Angola
15;67;2023-09-11;678.45;Lisbon;Portugal
88;89;2023-01-22;299.99;Lagos;Nigeria
30;78;2023-03-14;543.21;New Castle;England
11;56;2023-11-04;432.1;Sochi;Russia
25;34;2024-01-19;764.32;Lviv;Ukraine
66;79;2023-02-11;199.95;Nairobi;Kenya
1;1;2024-05-21;875.34;Porto;Portugal
2;3;2024-05-21;875.34;Sao Paulo;Brazil
12;78;2024-02-14;489.22;Bahia;Brazil
15;67;2023-09-11;678.45;Lisbon;Portugal
88;89;2023-01-22;299.99;Lagos;Nigeria
30;78;2023-03-14;543.21;New Castle;England
77;45;2023-10-15;124.89;Luanda;Angola
15;67;2023-09-11;678.45;Lisbon;Portugal
88;89;2023-01-22;299.99;Lagos;Nigeria
30;78;2023-03-14;543.21;New Castle;England
11;56;2023-11-04;432.1;Sochi;Russia
25;34;2024-01-19;764.32;Lviv;Ukraine
66;79;2023-02-11;199.95;Nairobi;Kenya
1;1;2024-05-21;875.34;Porto;Portugal
2;3;2024-05-21;875.34;Sao Paulo;Brazil
12;78;2024-02-14;489.22;Bahia;Brazil
77;45;2023-10-15;124.89;Luanda;Angola
15;67;2023-09-11;678.45;Lisbon;Portugal
88;89;2023-01-22;299.99;Lagos;Nigeria
30;78;2023-03-14;543.21;New Castle;England
11;56;2023-11-04;432.1;Sochi;Russia
25;34;2024-01-19;764.32;Lviv;Ukraine
66;79;2023-02-11;199.95;Nairobi;Kenya
1;1;2024-05-21;875.34;Porto;Portugal
2;3;2024-05-21;875.34;Sao Paulo;Brazil
12;78;2024-02-14;489.22;Bahia;Brazil
15;67;2023-09-11;678.45;Lisbon;Portugal
88;89;2023-01-22;299.99;Lagos;Nigeria
30;78;2023-03-14;543.21;New Castle;England
77;45;2023-10-15;124.89;Luanda;Angola
15;67;2023-09-11;678.45;Lisbon;Portugal
88;89;2023-01-22;299.99;Lagos;Nigeria
30;78;2023-03-14;543.21;New Castle;England
11;56;2023-11-04;432.1;Sochi;Russia
25;34;2024-01-19;764.32;Lviv;Ukraine
66;79;2023-02-11;199.95;Nairobi;Kenya
1;1;2024-05-21;875.34;Porto;Portugal
2;3;2024-05-21;875.34;Sao Paulo;Brazil
12;78;2024-02-14;489.22;Bahia;Brazil
77;45;2023-10-15;124.89;Luanda;Angola
15;67;2023-09-11;678.45;Lisbon;Portugal
88;89;2023-01-22;299.99;Lagos;Nigeria
30;78;2023-03-14;543.21;New Castle;England
11;56;2023-11-04;432.1;Sochi;Russia
25;34;2024-01-19;764.32;Lviv;Ukraine
66;79;2023-02-11;199.95;Nairobi;Kenya
1;1;2024-05-21;875.34;Porto;Portugal
2;3;2024-05-21;875.34;Sao Paulo;Brazil
12;78;2024-02-14;489.22;Bahia;Brazil
15;67;2023-09-11;678.45;Lisbon;Portugal
88;89;2023-01-22;299.99;Lagos;Nigeria
30;78;2023-03-14;543.21;New Castle;England
77;45;2023-10-15;124.89;Luanda;Angola
15;67;2023-09-11;678.45;Lisbon;Portugal
88;89;2023-01-22;299.99;Lagos;Nigeria
30;78;2023-03-14;543.21;New Castle;England
11;56;2023-11-04;432.1;Sochi;Russia
25;34;2024-01-19;764.32;Lviv;Ukraine
66;79;2023-02-11;199.95;Nairobi;Kenya
1;1;2024-05-21;875.34;Porto;Portugal
2;3;2024-05-21;875.34;Sao Paulo;Brazil
12;78;2024-02-14;489.22;Bahia;Brazil
77;45;2023-10-15;124.89;Luanda;Angola
15;67;2023-09-11;678.45;Lisbon;Portugal
88;89;2023-01-22;299.99;Lagos;Nigeria
30;78;2023-03-14;543.21;New Castle;England
11;56;2023-11-04;432.1;Sochi;Russia
25;34;2024-01-19;764.32;Lviv;Ukraine
66;79;2023-02-11;199.95;Nairobi;Kenya
1;1;2024-05-21;875.34;Porto;Portugal
2;3;2024-05-21;875.34;Sao Paulo;Brazil
12;78;2024-02-14;489.22;Bahia;Brazil
15;67;2023-09-11;678.45;Lisbon;Portugal
88;89;2023-01-22;299.99;Lagos;Nigeria
30;78;2023-03-14;543.21;New Castle;England
77;45;2023-10-15;124.89;Luanda;Angola
15;67;2023-09-11;678.45;Lisbon;Portugal
88;89;2023-01-22;299.99;Lagos;Nigeria
30;78;2023-03-14;543.21;New Castle;England
11;56;2023-11-04;432.1;Sochi;Russia
25;34;2024-01-19;764.32;Lviv;Ukraine
66;79;2023-02-11;199.95;Nairobi;Kenya
1;1;2024-05-21;875.34;Porto;Portugal
2;3;2024-05-21;875.34;Sao Paulo;Brazil
12;78;2024-02-14;489.22;Bahia;Brazil
77;45;2023-10-15;124.89;Luanda;Angola
15;67;2023-09-11;678.45;Lisbon;Portugal
88;89;2023-01-22;299.99;Lagos;Nigeria
30;78;2023-03-14;543.21;New Castle;England
11;56;2023-11-04;432.1;Sochi;Russia
25;34;2024-01-19;764.32;Lviv;Ukraine
66;79;2023-02-11;199.95;Nairobi;Kenya
1;1;2024-05-21;875.34;Porto;Portugal
2;3;2024-05-21;875.34;Sao Paulo;Brazil
12;78;2024-02-14;489.22;Bahia;Brazil
15;67;2023-09-11;678.45;Lisbon;Portugal
88;89;2023-01-22;299.99;Lagos;Nigeria
30;78;2023-03-14;543.21;New Castle;England
77;45;2023-10-15;124.89;Luanda;Angola
15;67;2023-09-11;678.45;Lisbon;Portugal
88;89;2023-01-22;299.99;Lagos;Nigeria
30;78;2023-03-14;543.21;New Castle;England
11;56;2023-11-04;432.1;Sochi;Russia
25;34;2024-01-19;764.32;Lviv;Ukraine
66;79;2023-02-11;199.95;Nairobi;Kenya
1;1;2024-05-21;875.34;Porto;Portugal
2;3;2024-05-21;875.34;Sao Paulo;Brazil
12;78;2024-02-14;489.22;Bahia;Brazil
77;45;2023-10-15;124.89;Luanda;Angola
15;67;2023-09-11;678.45;Lisbon;Portugal
88;89;2023-01-22;299.99;Lagos;Nigeria
30;78;2023-03-14;543.21;New Castle;England
11;56;2023-11-04;432.1;Sochi;Russia
25;34;2024-01-19;764.32;Lviv;Ukraine
66;79;2023-02-11;199.95;Nairobi;Kenya
1;1;2024-05-21;875.34;Porto;Portugal
2;3;2024-05-21;875.34;Sao Paulo;Brazil
12;78;2024-02-14;489.22;Bahia;Brazil
15;67;2023-09-11;678.45;Lisbon;Portugal
88;89;2023-01-22;299.99;Lagos;Nigeria
30;78;2023-03-14;543.21;New Castle;England
77;45;2023-10-15;124.89;Luanda;Angola
15;67;2023-09-11;678.45;Lisbon;Portugal
88;89;2023-01-22;299.99;Lagos;Nigeria
30;78;2023-03-14;543.21;New Castle;England
11;56;2023-11-04;432.1;Sochi;Russia
25;34;2024-01-19;764.32;Lviv;Ukraine
66;79;2023-02-11;199.95;Nairobi;Kenya
1;1;2024-05-21;875.34;Porto;Portugal
2;3;2024-05-21;875.34;Sao Paulo;Brazil
12;78;2024-02-14;489.22;Bahia;Brazil
77;45;2023-10-15;124.89;Luanda;Angola
15;67;2023-09-11;678.45;Lisbon;Portugal
88;89;2023-01-22;299.99;Lagos;Nigeria
30;78;2023-03-14;543.21;New Castle;England
11;56;2023-11-04;432.1;Sochi;Russia
25;34;2024-01-19;764.32;Lviv;Ukraine
66;79;2023-02-11;199.95;Nairobi;Kenya
1;1;2024-05-21;875.34;Porto;Portugal
2;3;2024-05-21;875.34;Sao Paulo;Brazil
12;78;2024-02-14;489.22;Bahia;Brazil
15;67;2023-09-11;678.45;Lisbon;Portugal
88;89;2023-01-22;299.99;Lagos;Nigeria
30;78;2023-03-14;543.21;New Castle;England
77;45;2023-10-15;124.89;Luanda;Angola
15;67;2023-09-11;678.45;Lisbon;Portugal
88;89;2023-01-22;299.99;Lagos;Nigeria
30;78;2023-03-14;543.21;New Castle;England
11;56;2023-11-04;432.1;Sochi;Russia
25;34;2024-01-19;764.32;Lviv;Ukraine
66;79;2023-02-11;199.95;Nairobi;Kenya
1;1;2024-05-21;875.34;Porto;Portugal
2;3;2024-05-21;875.34;Sao Paulo;Brazil
12;78;2024-02-14;489.22;Bahia;Brazil
77;45;2023-10-15;124.89;Luanda;Angola
15;67;2023-09-11;678.45;Lisbon;Portugal
88;89;2023-01-22;299.99;Lagos;Nigeria
30;78;2023-03-14;543.21;New Castle;England
11;56;2023-11-04;432.1;Sochi;Russia
25;34;2024-01-19;764.32;Lviv;Ukraine
66;79;2023-02-11;199.95;Nairobi;Kenya
1;1;2024-05-21;875.34;Porto;Portugal
2;3;2024-05-21;875.34;Sao Paulo;Brazil
12;78;2024-02-14;489.22;Bahia;Brazil
15;67;2023-09-11;678.45;Lisbon;Portugal
88;89;2023-01-22;299.99;Lagos;Nigeria
30;78;2023-03-14;543.21;New Castle;England
77;45;2023-10-15;124.89;Luanda;Angola
15;67;2023-09-11;678.45;Lisbon;Portugal
88;89;2023-01-22;299.99;Lagos;Nigeria
30;78;2023-03-14;543.21;New Castle;England
11;56;2023-11-04;432.1;Sochi;Russia
25;34;2024-01-19;764.32;Lviv;Ukraine
66;79;2023-02-11;199.95;Nairobi;Kenya
1;1;2024-05-21;875.34;Porto;Portugal
2;3;2024-05-21;875.34;Sao Paulo;Brazil
12;78;2024-02-14;489.22;Bahia;Brazil
77;45;2023-10-15;124.89;Luanda;Angola
15;67;2023-09-11;678.45;Lisbon;Portugal
88;89;2023-01-22;299.99;Lagos;Nigeria
30;78;2023-03-14;543.21;New Castle;England
11;56;2023-11-04;432.1;Sochi;Russia
25;34;2024-01-19;764.32;Lviv;Ukraine
66;79;2023-02-11;199.95;Nairobi;Kenya
1;1;2024-05-21;875.34;Porto;Portugal
2;3;2024-05-21;875.34;Sao Paulo;Brazil
12;78;2024-02-14;489.22;Bahia;Brazil
15;67;2023-09-11;678.45;Lisbon;Portugal
88;89;2023-01-22;299.99;Lagos;Nigeria
30;78;2023-03-14;543.21;New Castle;England
77;45;2023-10-15;124.89;Luanda;Angola
15;67;2023-09-11;678.45;Lisbon;Portugal
88;89;2023-01-22;299.99;Lagos;Nigeria
30;78;2023-03-14;543.21;New Castle;England
11;56;2023-11-04;432.1;Sochi;Russia
25;34;2024-01-19;764.32;Lviv;Ukraine
66;79;2023-02-11;199.95;Nairobi;Kenya
1;1;2024-05-21;875.34;Porto;Portugal
2;3;2024-05-21;875.34;Sao Paulo;Brazil
12;78;2024-02-14;489.22;Bahia;Brazil
77;45;2023-10-15;124.89;Luanda;Angola
15;67;2023-09-11;678.45;Lisbon;Portugal
88;89;2023-01-22;299.99;Lagos;Nigeria
30;78;2023-03-14;543.21;New Castle;England
11;56;2023-11-04;432.1;Sochi;Russia
25;34;2024-01-19;764.32;Lviv;Ukraine
66;79;2023-02-11;199.95;Nairobi;Kenya
1;1;2024-05-21;875.34;Porto;Portugal
2;3;2024-05-21;875.34;Sao Paulo;Brazil
12;78;2024-02-14;489.22;Bahia;Brazil
15;67;2023-09-11;678.45;Lisbon;Portugal
88;89;2023-01-22;299.99;Lagos;Nigeria
30;78;2023-03-14;543.21;New Castle;England
77;45;2023-10-15;124.89;Luanda;Angola
15;67;2023-09-11;678.45;Lisbon;Portugal
88;89;2023-01-22;299.99;Lagos;Nigeria
30;78;2023-03-14;543.21;New Castle;England
11;56;2023-11-04;432.1;Sochi;Russia
25;34;2024-01-19;764.32;Lviv;Ukraine
66;79;2023-02-11;199.95;Nairobi;Kenya
1;1;2024-05-21;875.34;Porto;Portugal
2;3;2024-05-21;875.34;Sao Paulo;Brazil
12;78;2024-02-14;489.22;Bahia;Brazil
77;45;2023-10-15;124.89;Luanda;Angola
15;67;2023-09-11;678.45;Lisbon;Portugal
88;89;2023-01-22;299.99;Lagos;Nigeria
30;78;2023-03-14;543.21;New Castle;England
11;56;2023-11-04;432.1;Sochi;Russia
25;34;2024-01-19;764.32;Lviv;Ukraine
66;79;2023-02-11;199.95;Nairobi;Kenya
1;1;2024-05-21;875.34;Porto;Portugal
2;3;2024-05-21;875.34;Sao Paulo;Brazil
12;78;2024-02-14;489.22;Bahia;Brazil
15;67;2023-09-11;678.45;Lisbon;Portugal
88;89;2023-01-22;299.99;Lagos;Nigeria
30;78;2023-03-14;543.21;New Castle;England
77;45;2023-10-15;124.89;Luanda;Angola
15;67;2023-09-11;678.45;Lisbon;Portugal
88;89;2023-01-22;299.99;Lagos;Nigeria
30;78;2023-03-14;543.21;New Castle;England
11;56;2023-11-04;432.1;Sochi;Russia
25;34;2024-01-19;764.32;Lviv;Ukraine
66;79;2023-02-11;199.95;Nairobi;Kenya
1;1;2024-05-21;875.34;Porto;Portugal
2;3;2024-05-21;875.34;Sao Paulo;Brazil
12;78;2024-02-14;489.22;Bahia;Brazil
77;45;2023-10-15;124.89;Luanda;Angola
15;67;2023-09-11;678.45;Lisbon;Portugal
88;89;2023-01-22;299.99;Lagos;Nigeria
30;78;2023-03-14;543.21;New Castle;England
11;56;2023-11-04;432.1;Sochi;Russia
25;34;2024-01-19;764.32;Lviv;Ukraine
66;79;2023-02-11;199.95;Nairobi;Kenya
1;1;2024-05-21;875.34;Porto;Portugal
2;3;2024-05-21;875.34;Sao Paulo;Brazil
12;78;2024-02-14;489.22;Bahia;Brazil
15;67;2023-09-11;678.45;Lisbon;Portugal
88;89;2023-01-22;299.99;Lagos;Nigeria
30;78;2023-03-14;543.21;New Castle;England
77;45;2023-10-15;124.89;Luanda;Angola
15;67;2023-09-11;678.45;Lisbon;Portugal
88;89;2023-01-22;299.99;Lagos;Nigeria
30;78;2023-03-14;543.21;New Castle;England
11;56;2023-11-04;432.1;Sochi;Russia
25;34;2024-01-19;764.32;Lviv;Ukraine
66;79;2023-02-11;199.95;Nairobi;Kenya
1;1;2024-05-21;875.34;Porto;Portugal
2;3;2024-05-21;875.34;Sao Paulo;Brazil
12;78;2024-02-14;489.22;Bahia;Brazil
77;45;2023-10-15;124.89;Luanda;Angola
15;67;2023-09-11;678.45;Lisbon;Portugal
88;89;2023-01-22;299.99;Lagos;Nigeria
30;78;2023-03-14;543.21;New Castle;England
11;56;2023-11-04;432.1;Sochi;Russia
25;34;2024-01-19;764.32;Lviv;Ukraine
66;79;2023-02-11;199.95;Nairobi;Kenya
1;1;2024-05-21;875.34;Porto;Portugal
2;3;2024-05-21;875.34;Sao Paulo;Brazil
12;78;2024-02-14;489.22;Bahia;Brazil
15;67;2023-09-11;678.45;Lisbon;Portugal
88;89;2023-01-22;299.99;Lagos;Nigeria
30;78;2023-03-14;543.21;New Castle;England
77;45;2023-10-15;124.89;Luanda;Angola
15;67;2023-09-11;678.45;Lisbon;Portugal
88;89;2023-01-22;299.99;Lagos;Nigeria
30;78;2023-03-14;543.21;New Castle;England
11;56;2023-11-04;432.1;Sochi;Russia
25;34;2024-01-19;764.32;Lviv;Ukraine
66;79;2023-02-11;199.95;Nairobi;Kenya
1;1;2024-05-21;875.34;Porto;Portugal
2;3;2024-05-21;875.34;Sao Paulo;Brazil
12;78;2024-02-14;489.22;Bahia;Brazil
77;45;2023-10-15;124.89;Luanda;Angola
15;67;2023-09-11;678.45;Lisbon;Portugal
88;89;2023-01-22;299.99;Lagos;Nigeria
30;78;2023-03-14;543.21;New Castle;England
11;56;2023-11-04;432.1;Sochi;Russia
25;34;2024-01-19;764.32;Lviv;Ukraine
66;79;2023-02-11;199.95;Nairobi;Kenya
1;1;2024-05-21;875.34;Porto;Portugal
2;3;2024-05-21;875.34;Sao Paulo;Brazil
12;78;2024-02-14;489.22;Bahia;Brazil
15;67;2023-09-11;678.45;Lisbon;Portugal
88;89;2023-01-22;299.99;Lagos;Nigeria
30;78;2023-03-14;543.21;New Castle;England
77;45;2023-10-15;124.89;Luanda;Angola
15;67;2023-09-11;678.45;Lisbon;Portugal
88;89;2023-01-22;299.99;Lagos;Nigeria
30;78;2023-03-14;543.21;New Castle;England
11;56;2023-11-04;432.1;Sochi;Russia
25;34;2024-01-19;764.32;Lviv;Ukraine
66;79;2023-02-11;199.95;Nairobi;Kenya
1;1;2024-05-21;875.34;Porto;Portugal
2;3;2024-05-21;875.34;Sao Paulo;Brazil
12;78;2024-02-14;489.22;Bahia;Brazil
77;45;2023-10-15;124.89;Luanda;Angola
15;67;2023-09-11;678.45;Lisbon;Portugal
88;89;2023-01-22;299.99;Lagos;Nigeria
30;78;2023-03-14;543.21;New Castle;England
11;56;2023-11-04;432.1;Sochi;Russia
25;34;2024-01-19;764.32;Lviv;Ukraine
66;79;2023-02-11;199.95;Nairobi;Kenya
1;1;2024-05-21;875.34;Porto;Portugal
2;3;2024-05-21;875.34;Sao Paulo;Brazil
12;78;2024-02-14;489.22;Bahia;Brazil
15;67;2023-09-11;678.45;Lisbon;Portugal
88;89;2023-01-22;299.99;Lagos;Nigeria
30;78;2023-03-14;543.21;New Castle;England
77;45;2023-10-15;124.89;Luanda;Angola
15;67;2023-09-11;678.45;Lisbon;Portugal
88;89;2023-01-22;299.99;Lagos;Nigeria
30;78;2023-03-14;543.21;New Castle;England
11;56;2023-11-04;432.1;Sochi;Russia
25;34;2024-01-19;764.32;Lviv;Ukraine
66;79;2023-02-11;199.95;Nairobi;Kenya
1;1;2024-05-21;875.34;Porto;Portugal
2;3;2024-05-21;875.34;Sao Paulo;Brazil
12;78;2024-02-14;489.22;Bahia;Brazil
77;45;2023-10-15;124.89;Luanda;Angola
15;67;2023-09-11;678.45;Lisbon;Portugal
88;89;2023-01-22;299.99;Lagos;Nigeria
30;78;2023-03-14;543.21;New Castle;England
11;56;2023-11-04;432.1;Sochi;Russia
25;34;2024-01-19;764.32;Lviv;Ukraine
66;79;2023-02-11;199.95;Nairobi;Kenya
1;1;2024-05-21;875.34;Porto;Portugal
2;3;2024-05-21;875.34;Sao Paulo;Brazil
12;78;2024-02-14;489.22;Bahia;Brazil
15;67;2023-09-11;678.45;Lisbon;Portugal
88;89;2023-01-22;299.99;Lagos;Nigeria
30;78;2023-03-14;543.21;New Castle;England
77;45;2023-10-15;124.89;Luanda;Angola
15;67;2023-09-11;678.45;Lisbon;Portugal
88;89;2023-01-22;299.99;Lagos;Nigeria
30;78;2023-03-14;543.21;New Castle;England
11;56;2023-11-04;432.1;Sochi;Russia
25;34;2024-01-19;764.32;Lviv;Ukraine
66;79;2023-02-11;199.95;Nairobi;Kenya
1;1;2024-05-21;875.34;Porto;Portugal
2;3;2024-05-21;875.34;Sao Paulo;Brazil
12;78;2024-02-14;489.22;Bahia;Brazil
77;45;2023-10-15;124.89;Luanda;Angola
15;67;2023-09-11;678.45;Lisbon;Portugal
88;89;2023-01-22;299.99;Lagos;Nigeria
30;78;2023-03-14;543.21;New Castle;England
11;56;2023-11-04;432.1;Sochi;Russia
25;34;2024-01-19;764.32;Lviv;Ukraine
66;79;2023-02-11;199.95;Nairobi;Kenya
1;1;2024-05-21;875.34;Porto;Portugal
2;3;2024-05-21;875.34;Sao Paulo;Brazil
12;78;2024-02-14;489.22;Bahia;Brazil
15;67;2023-09-11;678.45;Lisbon;Portugal
88;89;2023-01-22;299.99;Lagos;Nigeria
30;78;2023-03-14;543.21;New Castle;England
77;45;2023-10-15;124.89;Luanda;Angola
15;67;2023-09-11;678.45;Lisbon;Portugal
88;89;2023-01-22;299.99;Lagos;Nigeria
30;78;2023-03-14;543.21;New Castle;England
11;56;2023-11-04;432.1;Sochi;Russia
25;34;2024-01-19;764.32;Lviv;Ukraine
66;79;2023-02-11;199.95;Nairobi;Kenya
1;1;2024-05-21;875.34;Porto;Portugal
2;3;2024-05-21;875.34;Sao Paulo;Brazil
12;78;2024-02-14;489.22;Bahia;Brazil
77;45;2023-10-15;124.89;Luanda;Angola
15;67;2023-09-11;678.45;Lisbon;Portugal
88;89;2023-01-22;299.99;Lagos;Nigeria
30;78;2023-03-14;543.21;New Castle;England
11;56;2023-11-04;432.1;Sochi;Russia
25;34;2024-01-19;764.32;Lviv;Ukraine
66;79;2023-02-11;199.95;Nairobi;Kenya
1;1;2024-05-21;875.34;Porto;Portugal
2;3;2024-05-21;875.34;Sao Paulo;Brazil
12;78;2024-02-14;489.22;Bahia;Brazil
15;67;2023-09-11;678.45;Lisbon;Portugal
88;89;2023-01-22;299.99;Lagos;Nigeria
30;78;2023-03-14;543.21;New Castle;England
77;45;2023-10-15;124.89;Luanda;Angola
15;67;2023-09-11;678.45;Lisbon;Portugal
88;89;2023-01-22;299.99;Lagos;Nigeria
30;78;2023-03-14;543.21;New Castle;England
11;56;2023-11-04;432.1;Sochi;Russia
25;34;2024-01-19;764.32;Lviv;Ukraine
66;79;2023-02-11;199.95;Nairobi;Kenya
1;1;2024-05-21;875.34;Porto;Portugal
2;3;2024-05-21;875.34;Sao Paulo;Brazil
12;78;2024-02-14;489.22;Bahia;Brazil
77;45;2023-10-15;124.89;Luanda;Angola
15;67;2023-09-11;678.45;Lisbon;Portugal
88;89;2023-01-22;299.99;Lagos;Nigeria
30;78;2023-03-14;543.21;New Castle;England
11;56;2023-11-04;432.1;Sochi;Russia
25;34;2024-01-19;764.32;Lviv;Ukraine
66;79;2023-02-11;199.95;Nairobi;Kenya
1;1;2024-05-21;875.34;Porto;Portugal
2;3;2024-05-21;875.34;Sao Paulo;Brazil
12;78;2024-02-14;489.22;Bahia;Brazil
15;67;2023-09-11;678.45;Lisbon;Portugal
88;89;2023-01-22;299.99;Lagos;Nigeria
30;78;2023-03-14;543.21;New Castle;England
77;45;2023-10-15;124.89;Luanda;Angola
15;67;2023-09-11;678.45;Lisbon;Portugal
88;89;2023-01-22;299.99;Lagos;Nigeria
30;78;2023-03-14;543.21;New Castle;England
11;56;2023-11-04;432.1;Sochi;Russia
25;34;2024-01-19;764.32;Lviv;Ukraine
66;79;2023-02-11;199.95;Nairobi;Kenya
1;1;2024-05-21;875.34;Porto;Portugal
2;3;2024-05-21;875.34;Sao Paulo;Brazil
12;78;2024-02-14;489.22;Bahia;Brazil
77;45;2023-10-15;124.89;Luanda;Angola
15;67;2023-09-11;678.45;Lisbon;Portugal
88;89;2023-01-22;299.99;Lagos;Nigeria
30;78;2023-03-14;543.21;New Castle;England
11;56;2023-11-04;432.1;Sochi;Russia
25;34;2024-01-19;764.32;Lviv;Ukraine
66;79;2023-02-11;199.95;Nairobi;Kenya
1;1;2024-05-21;875.34;Porto;Portugal
2;3;2024-05-21;875.34;Sao Paulo;Brazil
12;78;2024-02-14;489.22;Bahia;Brazil
15;67;2023-09-11;678.45;Lisbon;Portugal
88;89;2023-01-22;299.99;Lagos;Nigeria
30;78;2023-03-14;543.21;New Castle;England
77;45;2023-10-15;124.89;Luanda;Angola
15;67;2023-09-11;678.45;Lisbon;Portugal
88;89;2023-01-22;299.99;Lagos;Nigeria
30;78;2023-03-14;543.21;New Castle;England
11;56;2023-11-04;432.1;Sochi;Russia
25;34;2024-01-19;764.32;Lviv;Ukraine
66;79;2023-02-11;199.95;Nairobi;Kenya
1;1;2024-05-21;875.34;Porto;Portugal
2;3;2024-05-21;875.34;Sao Paulo;Brazil
12;78;2024-02-14;489.22;Bahia;Brazil
77;45;2023-10-15;124.89;Luanda;Angola
15;67;2023-09-11;678.45;Lisbon;Portugal
88;89;2023-01-22;299.99;Lagos;Nigeria
30;78;2023-03-14;543.21;New Castle;England
11;56;2023-11-04;432.1;Sochi;Russia
25;34;2024-01-19;764.32;Lviv;Ukraine
66;79;2023-02-11;199.95;Nairobi;Kenya
1;1;2024-05-21;875.34;Porto;Portugal
2;3;2024-05-21;875.34;Sao Paulo;Brazil
12;78;2024-02-14;489.22;Bahia;Brazil
15;67;2023-09-11;678.45;Lisbon;Portugal
88;89;2023-01-22;299.99;Lagos;Nigeria
30;78;2023-03-14;543.21;New Castle;England
